run_id,model,accuracy
20251112-190119,openrouter-kimi,0.42175798186834845
20251112-191052,gemini,0.3709105242412298
20251113-102037,openrouter-llama,0.5080804099329918
